[
    {
        "id": 1,
        "priority": 1,
        "action": {
            "type": "block"
        },
        "condition": {
            "urlFilter": "||doubleclick.net^",
            "resourceTypes": [
                "script",
                "xmlhttprequest",
                "image"
            ]
        }
    },
    {
        "id": 2,
        "priority": 1,
        "action": {
            "type": "block"
        },
        "condition": {
            "urlFilter": "||googleadservices.com^",
            "resourceTypes": [
                "script",
                "xmlhttprequest"
            ]
        }
    },
    {
        "id": 3,
        "priority": 1,
        "action": {
            "type": "block"
        },
        "condition": {
            "urlFilter": "||googlesyndication.com^",
            "resourceTypes": [
                "script",
                "xmlhttprequest"
            ]
        }
    },
    {
        "id": 4,
        "priority": 1,
        "action": {
            "type": "block"
        },
        "condition": {
            "urlFilter": "||google-analytics.com^",
            "resourceTypes": [
                "script",
                "xmlhttprequest"
            ]
        }
    },
    {
        "id": 5,
        "priority": 1,
        "action": {
            "type": "block"
        },
        "condition": {
            "urlFilter": "||facebook.com/tr^",
            "resourceTypes": [
                "script",
                "xmlhttprequest",
                "image"
            ]
        }
    },
    {
        "id": 6,
        "priority": 1,
        "action": {
            "type": "block"
        },
        "condition": {
            "urlFilter": "||connect.facebook.net^",
            "resourceTypes": [
                "script"
            ]
        }
    },
    {
        "id": 7,
        "priority": 1,
        "action": {
            "type": "block"
        },
        "condition": {
            "urlFilter": "||adnxs.com^",
            "resourceTypes": [
                "script",
                "xmlhttprequest",
                "image"
            ]
        }
    },
    {
        "id": 8,
        "priority": 1,
        "action": {
            "type": "block"
        },
        "condition": {
            "urlFilter": "||advertising.com^",
            "resourceTypes": [
                "script",
                "xmlhttprequest",
                "image"
            ]
        }
    },
    {
        "id": 9,
        "priority": 1,
        "action": {
            "type": "block"
        },
        "condition": {
            "urlFilter": "||taboola.com^",
            "resourceTypes": [
                "script",
                "xmlhttprequest",
                "image"
            ]
        }
    },
    {
        "id": 10,
        "priority": 1,
        "action": {
            "type": "block"
        },
        "condition": {
            "urlFilter": "||outbrain.com^",
            "resourceTypes": [
                "script",
                "xmlhttprequest",
                "image"
            ]
        }
    },
    {
        "id": 11,
        "priority": 1,
        "action": {
            "type": "block"
        },
        "condition": {
            "urlFilter": "/ads/*",
            "resourceTypes": [
                "script",
                "image"
            ]
        }
    },
    {
        "id": 12,
        "priority": 1,
        "action": {
            "type": "block"
        },
        "condition": {
            "urlFilter": "/banner/*",
            "resourceTypes": [
                "image"
            ]
        }
    },
    {
        "id": 13,
        "priority": 1,
        "action": {
            "type": "block"
        },
        "condition": {
            "urlFilter": "/ad.js",
            "resourceTypes": [
                "script"
            ]
        }
    },
    {
        "id": 14,
        "priority": 1,
        "action": {
            "type": "block"
        },
        "condition": {
            "urlFilter": "||scorecardresearch.com^",
            "resourceTypes": [
                "script",
                "xmlhttprequest"
            ]
        }
    },
    {
        "id": 15,
        "priority": 1,
        "action": {
            "type": "block"
        },
        "condition": {
            "urlFilter": "||hotjar.com^",
            "resourceTypes": [
                "script"
            ]
        }
    }
]